eps,min_samples,n_clusters,n_noise,silhouette
1.0,3,0,178,
1.0,5,0,178,
1.5,3,8,147,-0.27676901365193624
1.5,5,0,178,
2.0,3,5,64,0.031407450868970094
2.0,5,5,85,-0.03290613998220972
2.5,3,1,23,
2.5,5,1,24,
